"value","Variable"
0.031552892566486,"ENSG00000036473"
0.0823866563237455,"ENSG00000084674"
0.0351594923723447,"ENSG00000146005"
0.0486194988242312,"ENSG00000250969"
0.00521500658478666,"ENSG00000263400"
0.086674912609068,"ENSG00000287666"
