"value","Variable"
0.0745106379379332,"ENSG00000036473"
0.163568547298776,"ENSG00000084674"
0.317814029506898,"ENSG00000146005"
0.327421505642283,"ENSG00000250969"
0.235922503558271,"ENSG00000287666"
