"value","Variable"
0.104897643235343,"ENSG00000084674"
0.0166716451249573,"ENSG00000146005"
0.0373144737595865,"ENSG00000250969"
0.094268711209743,"ENSG00000287666"
