"value","Variable"
0.209204698653411,"ENSG00000084674"
0.32657695601274,"ENSG00000146005"
0.350196264984913,"ENSG00000250969"
0.243685798507094,"ENSG00000287666"
